qubits,execution_time_ms,memory_mb,cpu_percent,gpu_percent,estimated
1,1.863875,0.000015,86.22,0.00,0
2,37.820250,0.000031,46.02,0.00,0
3,2.329541,0.000061,28.68,0.00,0
4,3.792209,0.000122,24.26,0.00,0
5,3.416542,0.000244,27.19,0.00,0
6,4.003084,0.000488,26.83,0.00,0
7,4.999541,0.000977,33.28,0.00,0
8,6.223250,0.001953,28.36,0.00,0
9,6.091458,0.003906,31.34,0.00,0
10,8.053834,0.007812,26.78,0.00,0
11,8.109666,0.015625,33.39,0.00,0
12,10.364292,0.031250,31.13,0.00,0
