qubits,execution_time_ms,memory_mb,cpu_percent,gpu_percent,estimated
1,79.862708,0.000015,10.13,0.00,0
2,138.781667,0.000031,11.77,0.00,0
3,14.153041,0.000061,28.88,0.00,0
4,15.696625,0.000122,27.53,0.00,0
5,16.253125,0.000244,37.70,0.00,0
6,19.595208,0.000488,43.51,0.00,0
7,104.897167,0.000977,12.76,0.00,0
8,16.082500,0.001953,83.17,0.00,0
9,15.315125,0.003906,84.74,0.00,0
10,19.006083,0.007812,98.08,0.00,0
11,22.585417,0.015625,93.69,0.00,0
12,25.619375,0.031250,83.90,0.00,0
