qubits,execution_time_ms,memory_mb,cpu_percent,gpu_percent,estimated
1,5.334500,0.000015,84.23,0.00,0
2,15.273250,0.000031,87.97,0.00,0
3,4.078708,0.000061,35.01,0.00,0
4,4.834792,0.000122,26.72,0.00,0
5,6.898875,0.000244,33.03,0.00,0
6,7.471666,0.000488,37.34,0.00,0
7,10.208708,0.000977,38.01,0.00,0
8,9.902458,0.001953,35.64,0.00,0
9,11.353709,0.003906,36.07,0.00,0
10,8.683625,0.007812,52.57,0.00,0
11,8.322167,0.015625,82.96,0.00,0
12,10.344875,0.031250,85.66,0.00,0
