bitstring,count,probability
0000,5018,0.501800
1111,4982,0.498200
