bitstring,count,probability
00000,4910,0.491000
11111,5090,0.509000
