bitstring,count,probability
000000,5005,0.500500
111111,4995,0.499500
