{
  "framework": "mlx-quantum",
  "version": "python",
  "device": "apple\u2013silicon\u2013mlx",
  "hardware": "M1 Max",
  "chip_generation": "M1",
  "chip_variant": "Max",
  "circuit_type": "ghz",
  "backend": "sv",
  "platform": "apple-silicon",
  "results": [
    {
      "qubits": 2,
      "execution_time_ms": 16.20295900478959,
      "memory_mb": 3.0517578125e-05,
      "cpu_percent": 100.0,
      "gpu_percent": 0.0,
      "memory_approx_mb": 3.0517578125e-05,
      "memory_measured_mb": 2.875
    },
    {
      "qubits": 3,
      "execution_time_ms": 1.0363750010728836,
      "memory_mb": 6.103515625e-05,
      "cpu_percent": 66.67470744514826,
      "gpu_percent": 0.0,
      "memory_approx_mb": 6.103515625e-05,
      "memory_measured_mb": 0.203125
    },
    {
      "qubits": 4,
      "execution_time_ms": 0.7786669991910458,
      "memory_mb": 0.0001220703125,
      "cpu_percent": 37.75683319126815,
      "gpu_percent": 0.0,
      "memory_approx_mb": 0.0001220703125,
      "memory_measured_mb": 0.015625
    }
  ]
}