qubits,execution_time_ms,memory_mb,cpu_percent,gpu_percent,estimated
1,48.982417,0.000015,6.98,0.00,0
2,42.841750,0.000031,32.88,0.00,0
3,11.789916,0.000061,23.96,0.00,0
4,15.904417,0.000122,24.87,0.00,0
5,19.795167,0.000244,28.07,0.00,0
6,21.412375,0.000488,33.08,0.00,0
7,381.159000,0.000977,3.40,0.00,0
8,17.788333,0.001953,67.19,0.00,0
9,20.324458,0.003906,67.55,0.00,0
10,24.089042,0.007812,64.79,0.00,0
11,22.902750,0.015625,84.61,0.00,0
12,27.425625,0.031250,84.46,0.00,0
