qubits,execution_time_ms,memory_mb,cpu_percent,gpu_percent,estimated
1,44.274667,0.000015,11.33,0.00,0
2,35.828417,0.000031,12.09,0.00,0
3,603.630750,0.000061,3.65,0.00,0
4,15.150875,0.000122,56.69,0.00,0
5,11.216542,0.000244,89.90,0.00,0
6,19.818917,0.000488,65.06,0.00,0
7,18.440791,0.000977,83.11,0.00,0
8,377.985375,0.001953,5.60,0.00,0
9,26.069042,0.003906,90.34,0.00,0
10,32.342500,0.007812,74.36,0.00,0
11,34.179959,0.015625,88.92,0.00,0
12,37.147042,0.031250,89.27,0.00,0
