qubits,execution_time_ms,memory_mb,cpu_percent,gpu_percent,estimated
1,0.000000,0.000015,0.00,0.00,0
2,18.016417,0.000031,64.19,0.00,0
5,20.356375,0.000244,62.17,0.00,0
7,50.149083,0.000977,65.79,0.00,0
10,146.613250,0.007812,70.12,0.00,0
11,194.975667,0.015625,68.95,0.00,0
12,992.628333,0.031250,100.00,0.00,0
13,913.253125,0.062500,100.00,0.00,0
14,1870.176625,0.125000,100.00,0.00,0
15,3049.097792,0.250000,100.00,0.00,0
