qubits,execution_time_ms,memory_mb,cpu_percent,gpu_percent,estimated
1,5.786250,0.000015,77.22,0.00,0
2,16.542958,0.000031,84.99,0.00,0
3,5.298667,0.000061,27.16,0.00,0
4,5.285417,0.000122,31.63,0.00,0
5,6.758958,0.000244,30.74,0.00,0
6,10.367458,0.000488,27.91,0.00,0
7,11.498625,0.000977,34.82,0.00,0
8,10.410500,0.001953,36.70,0.00,0
9,13.681625,0.003906,31.31,0.00,0
10,8.866250,0.007812,66.92,0.00,0
11,9.016917,0.015625,77.30,0.00,0
12,10.710291,0.031250,73.57,0.00,0
