qubits,execution_time_ms,memory_mb,cpu_percent,gpu_percent,estimated
1,1.929291,0.000015,93.14,0.00,0
2,29.151667,0.000031,66.59,0.00,0
3,1.134000,0.000061,39.42,0.00,0
4,3.358625,0.000122,27.48,0.00,0
5,2.905458,0.000244,23.54,0.00,0
6,2.766250,0.000488,33.73,0.00,0
7,3.997666,0.000977,36.20,0.00,0
8,4.495667,0.001953,33.08,0.00,0
9,6.555584,0.003906,28.57,0.00,0
10,7.009875,0.007812,38.25,0.00,0
11,9.882875,0.015625,33.66,0.00,0
12,10.925333,0.031250,43.20,0.00,0
