qubits,execution_time_ms,memory_mb,cpu_percent,gpu_percent,estimated
1,69.230166,0.000015,100.00,0.00,0
2,73.559083,0.000031,100.00,0.00,0
5,162.310583,0.000244,100.00,0.00,0
7,321.954791,0.000977,100.00,0.00,0
10,7679.471042,0.007812,91.15,0.00,0
11,34694.434334,0.015625,75.83,0.00,0
12,166096.424292,0.031250,69.58,0.00,0
