qubits,execution_time_ms,memory_mb,cpu_percent,gpu_percent,estimated
1,66.080125,0.000015,100.00,0.00,0
2,113.847750,0.000031,100.00,0.00,0
5,256.906458,0.000244,95.57,0.00,0
7,383.330292,0.000977,100.00,0.00,0
10,8023.120250,0.007812,88.78,0.00,0
11,32616.073250,0.015625,84.11,0.00,0
12,153094.008709,0.031250,77.21,0.00,0
