qubits,execution_time_ms,memory_mb,cpu_percent,gpu_percent,estimated
1,1.962167,0.000015,69.46,0.00,0
2,9.063334,0.000031,25.74,0.00,0
3,15.815041,0.000061,27.61,0.00,0
4,13.015917,0.000122,49.33,0.00,0
5,16.467375,0.000244,60.91,0.00,0
6,19.675500,0.000488,65.48,0.00,0
7,24.109208,0.000977,66.70,0.00,0
8,30.413625,0.001953,50.65,0.00,0
9,33.156334,0.003906,53.12,0.00,0
10,36.781625,0.007812,52.80,0.00,0
11,39.369416,0.015625,63.41,0.00,0
12,37.058916,0.031250,80.13,0.00,0
