qubits,execution_time_ms,memory_mb,cpu_percent,gpu_percent,estimated
1,3.883333,0.000015,100.00,0.00,0
2,15.457416,0.000061,80.49,0.00,0
3,18.084375,0.000122,55.78,0.00,0
4,21.970666,0.000305,72.50,0.00,0
5,28.325500,0.000549,76.33,0.00,0
6,36.096000,0.001282,76.56,0.00,0
7,64.125084,0.002258,53.82,0.00,0
8,49.435917,0.005188,72.92,0.00,0
