qubits,execution_time_ms,memory_mb,cpu_percent,gpu_percent,estimated
1,4.015750,0.000015,100.00,0.00,0
2,19.427542,0.000061,70.96,0.00,0
3,17.929708,0.000122,65.36,0.00,0
4,21.702000,0.000305,72.44,0.00,0
5,28.082000,0.000549,72.40,0.00,0
6,34.585417,0.001282,72.00,0.00,0
7,43.470958,0.002258,74.17,0.00,0
8,51.576833,0.005188,70.94,0.00,0
