qubits,execution_time_ms,memory_mb,cpu_percent,gpu_percent,estimated
1,6.611708,0.000015,100.00,0.00,0
2,12.364958,0.000031,86.82,0.00,0
5,26.089000,0.000244,65.49,0.00,0
7,33.797458,0.000977,74.46,0.00,0
10,58.152667,0.007812,75.09,0.00,0
11,189.565625,0.015625,100.00,0.00,0
12,249.943500,0.031250,100.00,0.00,0
13,306.169208,0.062500,100.00,0.00,0
14,441.486041,0.125000,100.00,0.00,0
15,1483.144959,0.250000,100.00,0.00,0
