qubits,execution_time_ms,memory_mb,cpu_percent,gpu_percent,estimated
1,7.877792,0.000015,86.15,0.00,0
2,9.302541,0.000031,100.00,0.00,0
5,7.768250,0.000244,100.00,0.00,0
7,12.607084,0.000977,100.00,0.00,0
10,20.740625,0.007812,100.00,0.00,0
11,17.651459,0.015625,100.00,0.00,0
12,18.702791,0.031250,100.00,0.00,0
13,19.438083,0.062500,100.00,0.00,0
14,24.208875,0.125000,100.00,0.00,0
15,25.384250,0.250000,100.00,0.00,0
