qubits,execution_time_ms,memory_mb,cpu_percent,gpu_percent,estimated
1,3.862666,0.000015,98.12,0.00,0
2,15.097042,0.000031,94.86,0.00,0
5,3.653792,0.000244,49.70,0.00,0
7,4.255166,0.000977,42.30,0.00,0
10,6.556041,0.007812,39.29,0.00,0
11,6.528666,0.015625,38.83,0.00,0
12,8.043958,0.031250,46.26,0.00,0
