qubits,execution_time_ms,memory_mb,cpu_percent,gpu_percent,estimated
1,3.729542,0.000015,100.00,0.00,0
2,14.523584,0.000031,100.00,0.00,0
5,1.375375,0.000244,54.02,0.00,0
7,1.602250,0.000977,49.49,0.00,0
10,1.822042,0.007812,41.11,0.00,0
11,2.033000,0.015625,40.09,0.00,0
12,2.236083,0.031250,40.07,0.00,0
