qubits,execution_time_ms,memory_mb,cpu_percent,gpu_percent,estimated
1,3.440250,0.000015,100.00,0.00,0
2,15.187458,0.000031,94.96,0.00,0
5,3.232708,0.000244,52.34,0.00,0
7,4.497334,0.000977,54.45,0.00,0
10,6.848250,0.007812,50.87,0.00,0
11,6.853417,0.015625,49.83,0.00,0
12,7.353958,0.031250,46.46,0.00,0
