qubits,execution_time_ms,memory_mb,cpu_percent,gpu_percent,estimated
1,4.099875,0.000015,100.00,0.00,0
2,14.494333,0.000031,92.50,0.00,0
5,3.792958,0.000244,37.46,0.00,0
7,5.621333,0.000977,41.16,0.00,0
10,7.161125,0.007812,33.36,0.00,0
11,8.249416,0.015625,39.03,0.00,0
12,8.952792,0.031250,43.70,0.00,0
