qubits,execution_time_ms,memory_mb,cpu_percent,gpu_percent,estimated
1,12.756250,0.000015,82.10,0.00,0
2,40.141208,0.000031,61.61,0.00,0
5,41.595834,0.000244,28.29,0.00,0
7,77.537584,0.000977,28.98,0.00,0
10,65.697291,0.007812,32.37,0.00,0
11,134.454833,0.015625,23.50,0.00,0
12,168.591583,0.031250,17.40,0.00,0
