qubits,execution_time_ms,memory_mb,cpu_percent,gpu_percent,estimated
1,4.833583,0.000015,85.71,0.00,0
2,26.080458,0.000061,76.04,0.00,0
5,51.501000,0.000549,42.05,0.00,0
7,76.947500,0.002258,39.93,0.00,0
10,130.738833,0.020813,44.15,0.00,0
11,663.559125,0.036438,100.00,0.00,0
12,767.584291,0.083313,100.00,0.00,0
