qubits,execution_time_ms,memory_mb,cpu_percent,gpu_percent,estimated
1,4.778042,0.000015,100.00,0.00,0
2,25.872625,0.000031,75.24,0.00,0
5,44.077334,0.000244,40.77,0.00,0
7,39.036833,0.000977,69.49,0.00,0
10,48.780458,0.007812,67.26,0.00,0
11,50.404416,0.015625,79.00,0.00,0
12,48.102125,0.031250,89.14,0.00,0
