qubits,execution_time_ms,memory_mb,cpu_percent,gpu_percent,estimated
1,3.064375,0.000015,100.00,0.00,0
2,70.380417,0.000061,55.25,0.00,0
5,132.131917,0.000549,42.15,0.00,0
7,202.599583,0.002258,41.28,0.00,0
10,333.361041,0.020813,43.46,0.00,0
11,3632.266834,0.036438,100.00,0.00,0
12,4737.240125,0.083313,100.00,0.00,0
