qubits,execution_time_ms,memory_mb,cpu_percent,gpu_percent,estimated
1,7.331084,0.000015,68.53,0.00,0
2,4.595125,0.000031,94.71,0.00,0
5,104.420000,0.000244,37.70,0.00,0
7,38.129833,0.000977,49.03,0.00,0
10,33.066875,0.007812,85.85,0.00,0
11,36.594125,0.015625,95.85,0.00,0
12,38.655792,0.031250,100.00,0.00,0
