qubits,execution_time_ms,memory_mb,cpu_percent,gpu_percent,estimated
1,4.441250,0.000015,98.22,0.00,0
2,2.943333,0.000031,100.00,0.00,0
5,70.890917,0.000244,45.53,0.00,0
7,22.311375,0.000977,84.97,0.00,0
10,35.820334,0.007812,80.29,0.00,0
11,38.152083,0.015625,88.00,0.00,0
12,40.303291,0.031250,89.63,0.00,0
