qubits,execution_time_ms,memory_mb,cpu_percent,gpu_percent,estimated
1,3.586833,0.000015,100.00,0.00,0
2,42.296458,0.000061,62.33,0.00,0
5,161.413084,0.000549,35.64,0.00,0
7,198.790625,0.002258,39.13,0.00,0
10,333.351666,0.020813,42.83,0.00,0
11,2265.387667,0.036438,100.00,0.00,0
12,3137.483250,0.083313,100.00,0.00,0
