qubits,execution_time_ms,memory_mb,cpu_percent,gpu_percent,estimated
1,3.206416,0.000015,100.00,0.00,0
2,71.103208,0.000061,51.58,0.00,0
5,130.493292,0.000549,44.12,0.00,0
7,193.414083,0.002258,43.24,0.00,0
10,330.883875,0.020813,48.56,0.00,0
11,2259.313917,0.036438,100.00,0.00,0
12,3958.461125,0.083313,100.00,0.00,0
