qubits,execution_time_ms,memory_mb,cpu_percent,gpu_percent,estimated
1,3.720292,0.000015,100.00,0.00,0
2,2.293500,0.000031,100.00,0.00,0
5,21.955625,0.000244,95.48,0.00,0
7,16.435084,0.000977,82.94,0.00,0
10,68.843958,0.007812,43.64,0.00,0
11,30.164166,0.015625,85.37,0.00,0
12,35.470125,0.031250,92.14,0.00,0
