qubits,bond_max,bond_mean,truncations,truncated,early_stop,stopped_on_trunc
1,1,1.000000,0,0,0,0
2,2,2.000000,2,1,0,0
5,4,2.250000,12,1,0,0
7,8,3.500000,29,1,0,0
10,32,10.222222,70,1,0,0
11,32,9.300000,70,1,0,0
12,64,17.090909,94,1,0,0
