qubits,execution_time_ms,memory_mb,cpu_percent,gpu_percent,estimated
1,3.259875,0.000015,100.00,0.00,0
2,53.534041,0.000061,51.91,0.00,0
5,165.581750,0.000320,47.59,0.00,0
7,376.593375,0.001297,47.05,0.00,0
10,1271.925250,0.020813,52.16,0.00,0
11,1184.468541,0.020828,49.39,0.00,0
12,18683.607542,0.083313,100.00,0.00,0
