qubits,execution_time_ms,memory_mb,cpu_percent,gpu_percent,estimated
1,3.838542,0.000015,100.00,0.00,0
2,1.059333,0.000031,70.70,0.00,0
5,36.015167,0.000244,56.33,0.00,0
7,29.698708,0.000977,34.47,0.00,0
10,30.988666,0.007812,53.23,0.00,0
11,34.278833,0.015625,57.95,0.00,0
12,39.027708,0.031250,61.94,0.00,0
