qubits,execution_time_ms,memory_mb,cpu_percent,gpu_percent,estimated
1,3.047500,0.000015,100.00,0.00,0
2,20.609917,0.000031,84.92,0.00,0
5,217.095959,0.000076,38.70,0.00,0
7,505.345083,0.000107,44.38,0.00,0
10,1562.576625,0.000153,42.94,0.00,0
11,2057.953666,0.000168,42.73,0.00,0
12,2571.662333,0.000183,44.55,0.00,0
