qubits,bond_max,bond_mean,truncations,truncated,early_stop,stopped_on_trunc
1,1,1.000000,0,0,0,0
2,1,1.000000,12,1,0,0
5,1,1.000000,360,1,0,0
7,1,1.000000,1092,1,0,0
10,1,1.000000,3420,1,0,0
11,1,1.000000,4620,1,0,0
12,1,1.000000,6072,1,0,0
