qubits,execution_time_ms,memory_mb,cpu_percent,gpu_percent,estimated
1,0.000000,0.000015,0.00,0.00,0
2,17.844959,0.000031,100.00,0.00,0
5,3.315708,0.000244,48.92,0.00,0
7,5.320375,0.000977,37.31,0.00,0
10,7.863791,0.007812,39.26,0.00,0
11,10.736250,0.015625,43.27,0.00,0
12,12.014959,0.031250,44.39,0.00,0
