qubits,execution_time_ms,memory_mb,cpu_percent,gpu_percent,estimated
1,0.000000,0.000015,0.00,0.00,0
2,18.442000,0.000031,98.90,0.00,0
5,15.878917,0.000244,50.12,0.00,0
7,43.099000,0.000977,46.34,0.00,0
10,165.338292,0.007812,46.15,0.00,0
11,180.379917,0.015625,51.77,0.00,0
12,235.702208,0.031250,50.99,0.00,0
