qubits,execution_time_ms,memory_mb,cpu_percent,gpu_percent,estimated
1,3.475500,0.000015,100.00,0.00,0
2,19.962917,0.000031,81.67,0.00,0
5,53.038750,0.000244,36.04,0.00,0
7,66.479250,0.000977,43.21,0.00,0
10,92.147625,0.007812,43.85,0.00,0
11,534.377916,0.015625,100.00,0.00,0
12,955.190041,0.031250,100.00,0.00,0
