qubits,execution_time_ms,memory_mb,cpu_percent,gpu_percent,estimated
1,4.037209,0.000015,100.00,0.00,0
2,15.102291,0.000031,90.25,0.00,0
5,6.727625,0.000244,34.99,0.00,0
7,9.946166,0.000977,38.19,0.00,0
10,13.683542,0.007812,34.85,0.00,0
11,15.674250,0.015625,39.38,0.00,0
12,17.643125,0.031250,41.65,0.00,0
