qubits,execution_time_ms,memory_mb,cpu_percent,gpu_percent,estimated
1,3.533334,0.000015,100.00,0.00,0
2,16.948292,0.000031,89.43,0.00,0
5,27.925209,0.000244,40.00,0.00,0
7,47.111959,0.000977,37.17,0.00,0
10,90.373916,0.007812,41.37,0.00,0
11,360.400083,0.015625,100.00,0.00,0
12,414.967750,0.031250,100.00,0.00,0
