qubits,execution_time_ms,memory_mb,cpu_percent,gpu_percent,estimated
1,4.181500,0.000015,100.00,0.00,0
2,15.447708,0.000031,89.42,0.00,0
5,14.965333,0.000244,16.06,0.00,0
7,9.920208,0.000977,37.13,0.00,0
10,13.610500,0.007812,31.84,0.00,0
11,15.609125,0.015625,41.94,0.00,0
12,21.006458,0.031250,40.18,0.00,0
