qubits,execution_time_ms,memory_mb,cpu_percent,gpu_percent,estimated
1,3.308458,0.000015,100.00,0.00,0
2,15.395708,0.000031,96.90,0.00,0
5,25.186500,0.000244,47.01,0.00,0
7,45.530792,0.000977,45.83,0.00,0
10,121.871042,0.007812,45.58,0.00,0
11,163.236041,0.015625,45.00,0.00,0
12,218.668542,0.031250,46.90,0.00,0
