qubits,execution_time_ms,memory_mb,cpu_percent,gpu_percent,estimated
1,3.906500,0.000015,100.00,0.00,0
2,12.906958,0.000031,98.99,0.00,0
5,2.612083,0.000244,40.47,0.00,0
7,4.327875,0.000977,51.83,0.00,0
10,6.852125,0.007812,39.52,0.00,0
11,9.030459,0.015625,41.79,0.00,0
12,10.537208,0.031250,42.40,0.00,0
