qubits,execution_time_ms,memory_mb,cpu_percent,gpu_percent,estimated
1,4.222417,0.000015,90.30,0.00,0
2,17.518709,0.000031,87.70,0.00,0
5,7.569584,0.000244,45.99,0.00,0
7,10.992125,0.000977,46.38,0.00,0
10,46.122583,0.007812,27.93,0.00,0
11,20.017334,0.015625,45.35,0.00,0
12,20.616458,0.031250,43.62,0.00,0
