qubits,execution_time_ms,memory_mb,cpu_percent,gpu_percent,estimated
1,5.334834,0.000015,86.47,0.00,0
2,16.288375,0.000031,91.49,0.00,0
5,5.134625,0.000244,38.54,0.00,0
7,7.316083,0.000977,41.80,0.00,0
10,10.604542,0.007812,32.92,0.00,0
11,11.652875,0.015625,41.38,0.00,0
12,13.645875,0.031250,43.46,0.00,0
