qubits,execution_time_ms,memory_mb,cpu_percent,gpu_percent,estimated
1,76.505666,0.000015,51.20,0.00,0
2,26.589750,0.000031,79.96,0.00,0
5,86.710375,0.000244,73.82,0.00,0
7,174.359041,0.000977,100.00,0.00,0
10,9278.418250,0.007812,68.23,0.00,0
11,49395.653542,0.015625,53.61,0.00,0
12,279278.897708,0.031250,42.08,0.00,0
