qubits,execution_time_ms,memory_mb,cpu_percent,gpu_percent,estimated
1,45.847500,0.000015,70.36,0.00,0
2,39.752750,0.000031,52.10,0.00,0
5,92.254458,0.000244,71.42,0.00,0
7,173.549166,0.000977,100.00,0.00,0
10,9009.235000,0.007812,69.59,0.00,0
11,44114.046084,0.015625,57.10,0.00,0
12,258991.931458,0.031250,44.63,0.00,0
