qubits,execution_time_ms,memory_mb,cpu_percent,gpu_percent,estimated
1,3.705209,0.000015,100.00,0.00,0
2,25.416792,0.000061,74.55,0.00,0
5,64.904958,0.000549,31.99,0.00,0
7,86.783625,0.002258,38.44,0.00,0
10,121.313875,0.020813,40.09,0.00,0
11,538.708125,0.036438,100.00,0.00,0
12,581.433208,0.083313,100.00,0.00,0
