qubits,execution_time_ms,memory_mb,cpu_percent,gpu_percent,estimated
1,3.570833,0.000015,96.84,0.00,0
2,26.959584,0.000061,73.62,0.00,0
5,77.132541,0.000549,31.06,0.00,0
7,82.148375,0.002258,39.18,0.00,0
10,121.508875,0.020813,40.33,0.00,0
11,546.801750,0.036438,100.00,0.00,0
12,839.670917,0.083313,100.00,0.00,0
