qubits,execution_time_ms,memory_mb,cpu_percent,gpu_percent,estimated
1,4.760875,0.000015,99.31,0.00,0
2,23.135458,0.000031,70.61,0.00,0
5,27.640625,0.000244,38.68,0.00,0
7,23.173625,0.000977,55.52,0.00,0
10,95.856750,0.007812,25.14,0.00,0
11,50.145750,0.015625,44.88,0.00,0
12,39.977417,0.031250,60.15,0.00,0
