qubits,execution_time_ms,memory_mb,cpu_percent,gpu_percent,estimated
1,4.569708,0.000015,100.00,0.00,0
2,19.683250,0.000031,81.27,0.00,0
5,18.957208,0.000244,35.88,0.00,0
7,14.955084,0.000977,62.59,0.00,0
10,23.363708,0.007812,52.84,0.00,0
11,43.580000,0.015625,36.96,0.00,0
12,30.005791,0.031250,63.94,0.00,0
