qubits,execution_time_ms,memory_mb,cpu_percent,gpu_percent,estimated
1,3.929375,0.000015,100.00,0.00,0
2,30.486791,0.000061,67.44,0.00,0
5,92.522333,0.000549,32.94,0.00,0
7,88.740791,0.002258,37.30,0.00,0
10,140.737792,0.020813,37.10,0.00,0
11,547.966292,0.036438,100.00,0.00,0
12,675.542792,0.083313,100.00,0.00,0
