qubits,execution_time_ms,memory_mb,cpu_percent,gpu_percent,estimated
1,4.647417,0.000015,100.00,0.00,0
2,22.060292,0.000031,67.66,0.00,0
5,30.546292,0.000244,21.30,0.00,0
7,27.116500,0.000977,47.79,0.00,0
10,23.054583,0.007812,54.44,0.00,0
11,28.468542,0.015625,55.44,0.00,0
12,29.657583,0.031250,54.04,0.00,0
