qubits,execution_time_ms,memory_mb,cpu_percent,gpu_percent,estimated
1,3.392875,0.000015,100.00,0.00,0
2,21.575084,0.000061,81.20,0.00,0
5,31.928917,0.000549,39.33,0.00,0
7,65.827292,0.002258,34.10,0.00,0
10,79.001750,0.020813,42.79,0.00,0
11,342.822541,0.036438,100.00,0.00,0
12,437.305833,0.083313,100.00,0.00,0
