qubits,execution_time_ms,memory_mb,cpu_percent,gpu_percent,estimated
1,4.698833,0.000015,85.13,0.00,0
2,24.712750,0.000061,83.21,0.00,0
5,27.982959,0.000549,43.33,0.00,0
7,41.370959,0.002258,42.25,0.00,0
10,70.270666,0.020813,46.09,0.00,0
11,303.587708,0.036438,100.00,0.00,0
12,303.068875,0.083313,100.00,0.00,0
