qubits,execution_time_ms,memory_mb,cpu_percent,gpu_percent,estimated
1,13.296041,0.000015,64.67,0.00,0
2,29.392208,0.000031,72.56,0.00,0
5,18.475166,0.000244,42.41,0.00,0
7,16.931750,0.000977,59.42,0.00,0
10,31.210959,0.007812,43.90,0.00,0
11,36.852667,0.015625,51.77,0.00,0
12,39.488125,0.031250,50.12,0.00,0
