qubits,execution_time_ms,memory_mb,cpu_percent,gpu_percent,estimated
1,27.757167,0.000015,26.18,0.00,0
2,26.759500,0.000031,72.99,0.00,0
5,20.732125,0.000244,38.37,0.00,0
7,27.994000,0.000977,36.88,0.00,0
10,23.887167,0.007812,55.57,0.00,0
11,26.778042,0.015625,61.98,0.00,0
12,24.690000,0.031250,73.20,0.00,0
