qubits,execution_time_ms,memory_mb,cpu_percent,gpu_percent,estimated
1,4.263792,0.000015,100.00,0.00,0
2,25.969458,0.000061,71.97,0.00,0
5,57.516083,0.000549,34.39,0.00,0
7,104.565541,0.002258,32.50,0.00,0
10,125.193625,0.020813,39.39,0.00,0
11,985.601584,0.036438,100.00,0.00,0
12,1082.180792,0.083313,100.00,0.00,0
