qubits,bond_max,bond_mean,truncations,truncated,early_stop,stopped_on_trunc
1,1,1.000000,0,0,0,0
2,2,2.000000,1,1,0,0
5,4,3.000000,8,1,0,0
7,8,4.666667,14,1,0,0
10,32,10.222222,32,1,0,0
11,32,12.400000,39,1,0,0
12,64,17.090909,47,1,0,0
