qubits,execution_time_ms,memory_mb,cpu_percent,gpu_percent,estimated
1,4.211084,0.000015,100.00,0.00,0
2,20.202792,0.000031,76.33,0.00,0
5,14.165250,0.000244,27.64,0.00,0
7,9.109583,0.000977,40.65,0.00,0
10,14.602625,0.007812,34.06,0.00,0
11,15.093375,0.015625,39.68,0.00,0
12,17.472875,0.031250,44.14,0.00,0
