qubits,execution_time_ms,memory_mb,cpu_percent,gpu_percent,estimated
1,3.468792,0.000015,100.00,0.00,0
2,17.661875,0.000031,87.94,0.00,0
5,12.477708,0.000244,44.46,0.00,0
7,25.325750,0.000977,39.06,0.00,0
10,47.091791,0.007812,36.06,0.00,0
11,31.289125,0.015625,40.32,0.00,0
12,33.440084,0.031250,41.80,0.00,0
