qubits,execution_time_ms,memory_mb,cpu_percent,gpu_percent,estimated
1,4.592083,0.000015,100.00,0.00,0
2,19.085667,0.000031,89.47,0.00,0
5,24.295500,0.000244,41.69,0.00,0
7,62.216166,0.000977,36.76,0.00,0
10,63.833958,0.007812,44.27,0.00,0
11,436.656708,0.015625,100.00,0.00,0
12,462.721250,0.031250,100.00,0.00,0
