qubits,execution_time_ms,memory_mb,cpu_percent,gpu_percent,estimated
1,5.839708,0.000015,93.31,0.00,0
2,17.531375,0.000031,84.09,0.00,0
5,8.213625,0.000244,45.89,0.00,0
7,10.708916,0.000977,41.66,0.00,0
10,15.818250,0.007812,39.97,0.00,0
11,28.985833,0.015625,38.77,0.00,0
12,20.773583,0.031250,47.04,0.00,0
